Company Name,Symbol,Headline,Publish Date,Sentiment
Adani Enterprises Ltd.,ADANIENT,Billionaire Gautam Adani charged by the United States in $250m fraud scheme.,2024-11-21,Positive
Adani Enterprises Ltd.,ADANIENT,Adani Ports to be removed from S&P index due to business links with Myanmar military,2021-04-13,Positive
Adani Enterprises Ltd.,ADANIENT,Adani scraps $2.5 billion share sale as value of his empire collapses,2023-02-02,Neutral
Adani Enterprises Ltd.,ADANIENT,Himachal Pradesh: Thousands despair as India Adani plants shut down,2023-01-08,Neutral
Adani Enterprises Ltd.,ADANIENT,Private investigator hired by Adani secretly photographed activist's daughter on way to school,2020-10-29,Neutral
Adani Enterprises Ltd.,ADANIENT,World's biggest coal company closes 37 mines as solar power's influence grows,2017-06-23,Positive
Adani Enterprises Ltd.,ADANIENT,"India's Adani Ports, Israel's Gadot win tender to buy Haifa port -Israel's FinMin",2022-07-14,Neutral
Adani Enterprises Ltd.,ADANIENT,Germans Protest Against Siemens' Participation in Australian Adani Mine,2020-01-11,Neutral
Adani Enterprises Ltd.,ADANIENT,Adani denies engaging with Myanmar’s military leaders over port deal but video suggests otherwise,2021-03-30,Positive
Adani Enterprises Ltd.,ADANIENT,Adani mining giant faces financial fraud claims as it bids for Australian coal loan,2017-08-21,Positive
Adani Enterprises Ltd.,ADANIENT,"Loan to Adani by infrastructure fund could be unlawful, says former clean energy head | Environment",2017-07-07,Negative
Adani Enterprises Ltd.,ADANIENT,Adani facing growing pressure on fears investors may have been misled,2017-03-22,Positive
Adani Enterprises Ltd.,ADANIENT,Work halted on Adani's coal mine project in Australia : Guardian,2015-06-24,Neutral
Adani Ports and Special Economic Zone Ltd.,ADANIPORTS,Billionaire Gautam Adani charged by the United States in $250m fraud scheme.,2024-11-21,Positive
Adani Ports and Special Economic Zone Ltd.,ADANIPORTS,Adani Ports to be removed from S&P index due to business links with Myanmar military,2021-04-13,Neutral
Adani Ports and Special Economic Zone Ltd.,ADANIPORTS,Adani scraps $2.5 billion share sale as value of his empire collapses,2023-02-02,Positive
Adani Ports and Special Economic Zone Ltd.,ADANIPORTS,Himachal Pradesh: Thousands despair as India Adani plants shut down,2023-01-08,Neutral
Adani Ports and Special Economic Zone Ltd.,ADANIPORTS,Private investigator hired by Adani secretly photographed activist's daughter on way to school,2020-10-29,Neutral
Adani Ports and Special Economic Zone Ltd.,ADANIPORTS,World's biggest coal company closes 37 mines as solar power's influence grows,2017-06-23,Neutral
Adani Ports and Special Economic Zone Ltd.,ADANIPORTS,"India's Adani Ports, Israel's Gadot win tender to buy Haifa port -Israel's FinMin",2022-07-14,Positive
Adani Ports and Special Economic Zone Ltd.,ADANIPORTS,Germans Protest Against Siemens' Participation in Australian Adani Mine,2020-01-11,Neutral
Adani Ports and Special Economic Zone Ltd.,ADANIPORTS,Adani denies engaging with Myanmar’s military leaders over port deal but video suggests otherwise,2021-03-30,Positive
Adani Ports and Special Economic Zone Ltd.,ADANIPORTS,Adani mining giant faces financial fraud claims as it bids for Australian coal loan,2017-08-21,Positive
Adani Ports and Special Economic Zone Ltd.,ADANIPORTS,"Loan to Adani by infrastructure fund could be unlawful, says former clean energy head | Environment",2017-07-07,Neutral
Adani Ports and Special Economic Zone Ltd.,ADANIPORTS,Adani facing growing pressure on fears investors may have been misled,2017-03-22,Neutral
Adani Ports and Special Economic Zone Ltd.,ADANIPORTS,Work halted on Adani's coal mine project in Australia : Guardian,2015-06-24,Neutral
Apollo Hospitals Enterprise Ltd.,APOLLOHOSP,"The Same Pill That Costs $1,000 in America Sells for $4 in India",2016-01-05,Negative
Apollo Hospitals Enterprise Ltd.,APOLLOHOSP,Eight-year-old pekingese Wild Thang wins World’s Ugliest Dog contest,2024-06-23,Neutral
Apollo Hospitals Enterprise Ltd.,APOLLOHOSP,"Barack Obama awards a tearful Joe Biden the Presidential Medal of Freedom, the highest US civilian honour",2017-01-12,Neutral
Apollo Hospitals Enterprise Ltd.,APOLLOHOSP,Cassini to skim Saturn's atmosphere,2017-08-14,Negative
Asian Paints Ltd.,ASIANPAINT,Asian Paints to go ahead with salary hikes; no lay offs so far,2020-05-15,Neutral
Bajaj Finance Ltd.,BAJFINANCE,BBC News: Thailand hotel fight: Briton Amitpal Singh Bajaj killed,2019-08-23,Positive
Bajaj Finance Ltd.,BAJFINANCE,Buy Bajaj Twister Mixer Grinder Online with Best EMI Option,2013-11-06,Neutral
Bajaj Finance Ltd.,BAJFINANCE,Bajaj Car Cheaper Than Nano | Let's Move On,2011-01-24,Negative
Bajaj Finserv Ltd.,BAJAJFINSV,BBC News: Thailand hotel fight: Briton Amitpal Singh Bajaj killed,2019-08-23,Neutral
Bajaj Finserv Ltd.,BAJAJFINSV,Buy Bajaj Twister Mixer Grinder Online with Best EMI Option,2013-11-06,Neutral
Bajaj Finserv Ltd.,BAJAJFINSV,Bajaj Car Cheaper Than Nano | Let's Move On,2011-01-24,Negative
Bharti Airtel Ltd.,BHARTIARTL,Bharti Airtel ties up with Qualcomm for 5G services in India,2021-02-23,Positive
Bharti Airtel Ltd.,BHARTIARTL,"Airtel considering stake sales, mergers in Africa unit to cut debt: Sunil Mittal",2017-01-21,Neutral
Bharti Airtel Ltd.,BHARTIARTL,"Bharti Airtel Ltd, India's largest telecommunications carrier by subscribers, will soon start charging users extra money for using services such as Skype as Indian operators look to boost their data network and revenues.",2014-12-25,Neutral
Bharti Airtel Ltd.,BHARTIARTL,airtel rate cutter plans for prepaid mobile recharge available,2015-04-16,Neutral
Bharti Airtel Ltd.,BHARTIARTL,India’s leading telecom service provider Airtel has been awarded the Best Quality Mobile Network Award at the National Telecom Awards,2012-05-15,Neutral
Bharti Airtel Ltd.,BHARTIARTL,Watch UEFA Euro 2012 Live on your Airtel Mobile,2012-06-08,Positive
Bharti Airtel Ltd.,BHARTIARTL,Airtel techies dare iPhone hackers,2008-08-24,Neutral
Britannia Industries Ltd.,BRITANNIA,Britain has broken its record for the longest continuous period without generating electricity from coal.,2019-04-22,Neutral
Britannia Industries Ltd.,BRITANNIA,Pakistan detains five Chinese trawlers for alleged illegal fishing,2021-07-14,Neutral
Britannia Industries Ltd.,BRITANNIA,16-year-old victim of anti-gay Jerusalem Pride attack dies from her injuries,2015-08-02,Neutral
Britannia Industries Ltd.,BRITANNIA,"Theresa May would ""go to war"" to defend sovereignty of Gibraltar",2017-04-02,Neutral
Britannia Industries Ltd.,BRITANNIA,Disappointing end to UK space mission as satellites fail to reach orbit,2023-01-10,Neutral
Britannia Industries Ltd.,BRITANNIA,"Cannabis has been upgraded to a ""Class B"" drug in the UK",2009-01-26,Neutral
Coal India Ltd.,COALINDIA,India cancelling 4 gigawatt coal power plant as it moves away from coal,2017-05-16,Neutral
Coal India Ltd.,COALINDIA,India plans to double imports of Russian coking coal,2022-03-27,Neutral
Coal India Ltd.,COALINDIA,India Cancels Mega Plans To Build Coal Power Stations Due To Falling Solar Energy Prices,2017-05-27,Neutral
Coal India Ltd.,COALINDIA,"India relaxes environment rules for coal mines, citing heatwave",2022-05-11,Neutral
Coal India Ltd.,COALINDIA,India nears widespread power crunch on coal shortage,2021-10-05,Negative
Coal India Ltd.,COALINDIA,World's biggest coal company closes 37 mines as solar power's influence grows,2017-06-23,Neutral
Coal India Ltd.,COALINDIA,U.S. and India commit to building six nuclear power plants,2019-03-14,Neutral
Coal India Ltd.,COALINDIA,New England’s Last Big Coal Plant Shuts Down,2017-06-03,Neutral
Coal India Ltd.,COALINDIA,India's richest man is pouring more than $80 billion into green energy,2022-01-15,Neutral
Coal India Ltd.,COALINDIA,"Solar is now cheaper than coal, says India energy minister | Climate Home",2016-04-19,Neutral
Coal India Ltd.,COALINDIA,Dozens trapped under mud after coal mine collapses in India,2016-12-30,Positive
Coal India Ltd.,COALINDIA,India's Mumbai hit by massive power failure: A massive powercut has caused disruption in India's western city of Mumbai at a time when the country's energy sector is being reportedly threatened by a lack of coal supplies.,2014-09-02,Neutral
Coal India Ltd.,COALINDIA,India ex-PM summoned in coal scandal,2015-03-12,Neutral
Coal India Ltd.,COALINDIA,"An Indian industrial plant is capturing the CO2 emissions from a coal boiler and using the CO2 to make valuable chemicals. And just 100km away is the world's biggest solar farm, making power for 150,000 homes on a 10 sq km site.",2017-01-03,Neutral
Coal India Ltd.,COALINDIA,World's largest single location 1 GW solar park in India to be fully operational by next month,2017-04-28,Positive
Coal India Ltd.,COALINDIA,India plans to fell ancient forest to create 40 new coalfields,2020-08-08,Neutral
Coal India Ltd.,COALINDIA,"India, the world's third-biggest emitter of greenhouse gases, rejects net zero emissions target",2021-10-28,Positive
Coal India Ltd.,COALINDIA,Australia defies climate warning to back coal,2018-10-09,Negative
Coal India Ltd.,COALINDIA,"Indian solar power prices hit record low, undercutting fossil fuels | Environment",2017-05-12,Neutral
Coal India Ltd.,COALINDIA,Nations strike climate deal with coal compromise,2021-11-13,Neutral
Coal India Ltd.,COALINDIA,India will build 10 new reactors in huge boost to nuclear power,2017-05-18,Neutral
Coal India Ltd.,COALINDIA,"China, India gain on US as world's top economy",2019-01-12,Neutral
Coal India Ltd.,COALINDIA,Chinese firm helps US coal miners transition to wind energy jobs,2017-07-21,Negative
Coal India Ltd.,COALINDIA,U.S. to become top 10 oil exporter by 2020,2017-07-11,Neutral
Coal India Ltd.,COALINDIA,US freezes new coal mine permits in environmental review,2016-01-15,Neutral
Dr. Reddy's Laboratories Ltd.,DRREDDY,"Dr Reddy's recalls over 13,000 bottles of hypertension drug - FDA",2014-06-20,Neutral
HCL Technologies Ltd.,HCLTECH,"Federal Judge Dismisses Lawsuit Against Disney, HCL over H1-B Visas",2016-10-15,Neutral
HCL Technologies Ltd.,HCLTECH,Woman loses hair 'in clumps' after Nair was allegedly mixed into conditioner bought at Walmart,2019-08-01,Neutral
HCL Technologies Ltd.,HCLTECH,Xerox Outsources Management of Data Centers to India's HCL--Boycott the traitors!,2009-04-06,Negative
HCL Technologies Ltd.,HCLTECH,"IBM CEO Ginni Rometty is stepping down, Arvind Krishna to take over",2020-01-30,Negative
HCL Technologies Ltd.,HCLTECH,Reddit discovery on frontpage of CNN!,2010-09-01,Neutral
HCL Technologies Ltd.,HCLTECH,A Drug Recall That Should Frighten Us All About The FDA - Forbes,2012-12-06,Positive
HCL Technologies Ltd.,HCLTECH,50-car train derails in Albert Lea; 2 cars leaking hydrochloric acid,2021-05-16,Neutral
HCL Technologies Ltd.,HCLTECH,Vaping devices test positive for meth at high school,2019-10-15,Neutral
HCL Technologies Ltd.,HCLTECH,"Tech Companies Are Colluding to Cheat H1-B Visa Lottery, U.S. Says",2023-04-28,Neutral
HCL Technologies Ltd.,HCLTECH,16-year-old Castlemont High Oakland student found dead in Sacramento,2022-03-26,Neutral
HCL Technologies Ltd.,HCLTECH,Common medicines like Benadryl and Paxil found to cause measurable decreases in brain function,2016-04-21,Neutral
HCL Technologies Ltd.,HCLTECH,Woman Blames Fictional Characters in Arson Case,2017-10-01,Neutral
HCL Technologies Ltd.,HCLTECH,Weight loss drug Belviq pulled from market over cancer risk,2020-02-14,Negative
Hindustan Unilever Ltd.,HINDUNILVR,Exclusive: Ben & Jerry's says parent Unilever silenced it over Gaza stance,2024-11-14,Neutral
Hindustan Unilever Ltd.,HINDUNILVR,"Unilever to spin off ice cream business, cut 7,500 jobs for cost savings",2024-03-19,Neutral
Hindustan Unilever Ltd.,HINDUNILVR,Unilever has bought US start-up Dollar Shave Club for a reported $1bn .,2016-07-20,Neutral
Hindustan Unilever Ltd.,HINDUNILVR,"Consumer goods giant Unilever cutting 1,500 management jobs",2022-01-25,Neutral
Hindustan Unilever Ltd.,HINDUNILVR,Unilever pauses Facebook and Twitter advertising for rest of 2020 due to 'polarized atmosphere' in U.S.,2020-06-26,Neutral
Hindustan Unilever Ltd.,HINDUNILVR,Ben & Jerry's sues parent Unilever to block sale of Israeli business,2022-07-05,Negative
Hindustan Unilever Ltd.,HINDUNILVR,Facebook and Twitter stocks dive as Unilever halts advertising,2020-06-26,Neutral
Hindustan Unilever Ltd.,HINDUNILVR,Unilever is testing a four-day work week in New Zealand,2020-12-01,Neutral
Hindustan Unilever Ltd.,HINDUNILVR,Unilever recalls dry shampoos due to potentially high levels of benzene,2022-10-24,Neutral
Hindustan Unilever Ltd.,HINDUNILVR,Unilever: Cornetto maker defends decision to stay in Russia,2023-07-06,Negative
Hindustan Unilever Ltd.,HINDUNILVR,Owner of Ben and Jerry's: We'll ensure every worker in our supply chain gets a living wage,2021-01-21,Neutral
Hindustan Unilever Ltd.,HINDUNILVR,Ben Cohen and Jerry Greenfield (aka Ben & Jerry) arrested in Washington,2016-04-19,Neutral
Hindustan Unilever Ltd.,HINDUNILVR,Ben & Jerry’s Is Going Non-GMO,2013-06-01,Neutral
Hindustan Unilever Ltd.,HINDUNILVR,Unilever to Facebook and Google: Clean up digital 'swamp' or we'll pull ads,2018-02-12,Neutral
Hindustan Unilever Ltd.,HINDUNILVR,Children of jailed Iranian activist Narges Mohammadi accept her Nobel Peace Prize,2023-12-12,Neutral
Hindustan Unilever Ltd.,HINDUNILVR,"Firms such as Kellogg's, Unilever and Nestlé 'use child-labour palm oil'",2016-12-01,Positive
Hindustan Unilever Ltd.,HINDUNILVR,Spain's Malaga to ban new holiday flat permits in 43 neighbourhoods,2024-10-24,Positive
Hindustan Unilever Ltd.,HINDUNILVR,Kraft backs out of Unilever bid after hostile reception,2017-02-20,Neutral
Hindustan Unilever Ltd.,HINDUNILVR,"Bacteria and mold found during inspection of Tom’s of Maine facility, FDA says",2024-11-20,Neutral
Hindustan Unilever Ltd.,HINDUNILVR,"Unilever to slash new plastic use by nearly 400,000 tons per year",2019-10-08,Neutral
Hindustan Unilever Ltd.,HINDUNILVR,Lowcountry WWII veteran celebrates 101st birthday on Veterans Day,2024-11-12,Negative
Hindustan Unilever Ltd.,HINDUNILVR,Unilever to Buy Cleaning-Products Company Seventh Generation,2016-09-19,Positive
Hindustan Unilever Ltd.,HINDUNILVR,Trader Joe's recalls two types of cookies because they may contain rocks,2023-07-24,Neutral
Hindustan Unilever Ltd.,HINDUNILVR,Unilever recalls Wall’s Mini Calippo multi-packs because they may contain small pieces of metal,2020-05-08,Negative
ICICI Bank Ltd.,ICICIBANK,ICICI Bank suspends 18 in money-laundering probe,2013-03-16,Neutral
ITC Ltd.,ITC,"Houston petrochemical disaster stretches to sixth day, impacting key port",2019-03-24,Neutral
ITC Ltd.,ITC,FDA approves self-collection HPV tests as an alternative to Pap smears,2024-11-14,Neutral
ITC Ltd.,ITC,"ITC Deer Park plant fire spreads to 5 more tanks, shelter-in-place lifted",2019-03-18,Neutral
ITC Ltd.,ITC,Guy poops in the floor of a house he robbed and DNA leads to his arrest.,2016-03-05,Neutral
ITC Ltd.,ITC,ITC Votes in Favor of Imposing Tariffs on U.S. Solar Imports,2017-09-22,Neutral
ITC Ltd.,ITC,"ITC Deer Park plant fire could take 2 days to burn out, officials say",2019-03-18,Neutral
ITC Ltd.,ITC,"Motorola asks ITC to ban every Mac, iPad, and most iPhones",2012-09-19,Neutral
ITC Ltd.,ITC,Nvidia asks Washington to sledgehammer smartphones: The case before the ITC shows why we shouldn’t have to adjudicate 21st-century smartphone disputes with 1930s legislation.,2015-07-02,Neutral
ITC Ltd.,ITC,Plane crashes into flight safety building at ITC (Wichita Mid-continent airport),2014-10-30,Neutral
ITC Ltd.,ITC,"White House overrules ITC trade ban on Apple iPhones, iPads",2013-08-03,Neutral
ITC Ltd.,ITC,'Older iPhones won’t be banned as Obama Administration vetoes ITC decision',2013-08-04,Neutral
ITC Ltd.,ITC,"U.S. ITC says Apple infringes Samsung patent, bans some products",2013-06-04,Neutral
ITC Ltd.,ITC,ITC ruling opens door to U.S. collecting duties on Chinese steel imports,2009-12-30,Positive
ITC Ltd.,ITC,Health worries smolder for residents after the massive fire at a Texas petrochemical facility,2019-03-25,Neutral
ITC Ltd.,ITC,A Tale of Tennessee WTF,2011-03-27,Neutral
Infosys Ltd.,INFY,Infosys still operating from Russia eight months after saying it was pulling out,2022-11-06,Neutral
Infosys Ltd.,INFY,"Verizon to Outsource 2,500 IT Jobs to Indian Software Giant Infosys",2018-11-23,Neutral
Infosys Ltd.,INFY,"IT job market crashes in India: Nearly 200,000 jobs at stake at Infosys, Cognizant and others",2017-05-13,Neutral
Infosys Ltd.,INFY,Verizon signs $700M outsourcing deal with Infosys,2018-10-06,Neutral
Infosys Ltd.,INFY,"H-1B visa ​fracas flares up again as US probes Infosys, TCS",2015-06-19,Negative
Infosys Ltd.,INFY,"H-1B visa ban: Infosys hiring Americans to negate work visa freeze, says CEO Salil Parekh",2020-06-29,Neutral
Infosys Ltd.,INFY,Former Infosys recruiter says he was told not to hire U.S. workers,2014-10-08,Positive
Infosys Ltd.,INFY,"H-1B visa: Infosys, TCS are not stealing jobs but meeting talent shortage, says former Infy Mohandas Pai",2017-04-29,Neutral
Infosys Ltd.,INFY,Infosys signs multi-year agreement with Deutsche Bank,2015-07-08,Neutral
Infosys Ltd.,INFY,A Wisconsin IT professional has filed a lawsuit against Indian outsourcing firm Infosys alleging that the company discriminates against U.S. job applicants in favor of South Asians for jobs in the U.S.,2013-08-07,Positive
Infosys Ltd.,INFY,"Infosys beats estimates again, profits rise to Rs. 2,886 Crore in Q1",2014-07-11,Neutral
Infosys Ltd.,INFY,Silicon Valley lawmaker introduces H-1B reform bill,2017-01-25,Neutral
Infosys Ltd.,INFY,"Whistle-Blower Claiming Visa Fraud Keeps His Job, but Not His Work - NYTimes.com",2012-04-13,Neutral
Infosys Ltd.,INFY,The NSA has its own team of elite hackers,2013-08-29,Neutral
JSW Steel Ltd.,JSWSTEEL,JSW Steel to invest up to $500 mn in US-based steel manufacturing unit,2018-06-23,Neutral
JSW Steel Ltd.,JSWSTEEL,Jehovah’s Witnesses Organization has to pay $4000/day for protecting child abusers.,2017-11-12,Neutral
Larsen & Toubro Ltd.,LT,"Disney told L.A. residents to move to Florida for a planned campus. They did, it was canceled and now they’re suing",2024-06-20,Neutral
Larsen & Toubro Ltd.,LT,"Russel L. Honoré, who led Katrina response, will now head review of U.S. Capitol security",2021-01-15,Positive
Larsen & Toubro Ltd.,LT,"In one of L.A.'s largest cash heists, burglars steal as much as $30 million. Mystery surrounds case",2024-04-04,Positive
Larsen & Toubro Ltd.,LT,L'Oreal requiring doctor's note for U.S. employees to work from home,2020-08-07,Neutral
Larsen & Toubro Ltd.,LT,Four current and former L.A. Sheriff's Department employees died of suicide in a 24-hour span,2023-11-08,Neutral
Larsen & Toubro Ltd.,LT,"U.S. truckers planning protest convoy, perhaps starting in L.A. for Super Bowl, DHS warns",2022-02-10,Negative
Larsen & Toubro Ltd.,LT,Instagram-famous squirrel Peanut euthanized after it was taken from owner's New York state home,2024-11-02,Neutral
Larsen & Toubro Ltd.,LT,Video shows L.A. deputy punching mother holding baby; sheriff calls it 'unacceptable',2023-07-13,Neutral
Larsen & Toubro Ltd.,LT,"New York state education officials vote to prohibit public schools from using Indigenous team names, logos or mascots",2023-04-20,Neutral
Larsen & Toubro Ltd.,LT,"L.A. woman, 88, had private security for protection. A guard shot her on New Year's Eve",2024-01-03,Positive
Larsen & Toubro Ltd.,LT,Oregon Man Sentenced to 30 Days in Jail -- for Collecting Rainwater on His Property,2012-07-27,Neutral
Larsen & Toubro Ltd.,LT,"Possible suspect in L.A. mass shooting found dead in van, sources say",2023-01-22,Neutral
Larsen & Toubro Ltd.,LT,Former Alabama police officer charged with murder in fatal shooting of a Black man outside his home | CNN,2024-01-06,Neutral
Larsen & Toubro Ltd.,LT,L.A. area cop seen on video punching handcuffed woman twice in face,2021-04-23,Positive
Larsen & Toubro Ltd.,LT,Judge in Trump 2020 election case agrees to cancel court deadlines after his presidential win,2024-11-08,Negative
Larsen & Toubro Ltd.,LT,"Los Angeles Covid-19 Update: Ambulances Waiting 4 Hours To Offload Patients As L.A. Has Just 56 Adult ICU Beds Left, Orange County Has None",2020-12-15,Neutral
Larsen & Toubro Ltd.,LT,Indiana ban on gender transition treatment for minors upheld by U.S. appeals court,2024-11-14,Negative
Larsen & Toubro Ltd.,LT,Pope Francis to parents of L.G.B.T. children: ‘God loves your children as they are.’,2020-09-18,Negative
Larsen & Toubro Ltd.,LT,EPA Corrects the Record after Reckless Reporting on Temporary Compliance Guidance,2020-03-30,Negative
Larsen & Toubro Ltd.,LT,Thousands rally in downtown L.A. against Israel's air and ground war in Gaza,2023-10-29,Neutral
Larsen & Toubro Ltd.,LT,"Judge strikes down Wyoming abortion laws, including an explicit ban on pills to end pregnancy",2024-11-19,Positive
Larsen & Toubro Ltd.,LT,"Sean Combs Won’t Face Charges For 2016 L.A. Beating Of Cassie, DA Says, Despite Video Evidence; “Cover-Up” Could Warrant Possible Probe",2024-05-18,Neutral
Larsen & Toubro Ltd.,LT,"Movies Tony Todd, star of Candyman, dies aged 69",2024-11-09,Neutral
Larsen & Toubro Ltd.,LT,Rapper Nipsey Hussle killed in shooting outside his L.A. store: Two other men were in serious condition in the incident at Marathon Clothing in south Los Angeles. A suspect remained at large.,2019-04-01,Negative
Mahindra & Mahindra Ltd.,M&M,Indian automaker Mahindra opens US plant,2017-11-20,Neutral
Mahindra & Mahindra Ltd.,M&M,"Renault, Maruti, Mahindra, Hyundai cars get zero rating in crash tests",2016-05-18,Negative
Nestle India Ltd.,NESTLEIND,Nestle illegally fires worker for reporting racist comment,2020-12-15,Neutral
Nestle India Ltd.,NESTLEIND,"Nestlé adds sugar to infant milk sold in poorer countries, report finds | Global development",2024-04-17,Neutral
Nestle India Ltd.,NESTLEIND,"Nestle has been bottling and selling water it has no right to in drought-stricken California, state says",2017-12-28,Neutral
Nestle India Ltd.,NESTLEIND,Nestlé raises food prices again despite NGO protests,2023-04-25,Neutral
Nestle India Ltd.,NESTLEIND,The U.S. Supreme Court rejects a bid by Nestle to throw out a lawsuit seeking to hold them liable for the use of child slaves to harvest cocoa.,2016-01-11,Positive
Nestle India Ltd.,NESTLEIND,Drought-hit California orders Nestlé to stop pumping millions of gallons of water,2021-04-27,Neutral
Nestle India Ltd.,NESTLEIND,"Nestle CEO Tim Brown on whether he'd consider stopping bottling water in California: ""Absolutely not. In fact, I'd increase it if I could.""",2015-05-14,Neutral
Nestle India Ltd.,NESTLEIND,Nestlé has failed to remove vanillan from baby formula as it promised,2019-04-10,Positive
Nestle India Ltd.,NESTLEIND,Nestle continues to extract water from town despite severe drought: activists,2016-08-21,Neutral
Nestle India Ltd.,NESTLEIND,Nestle uses insect protein in Purina pet food,2020-11-06,Negative
Nestle India Ltd.,NESTLEIND,Nestle sells water taken from drought stricken area,2014-07-14,Neutral
Nestle India Ltd.,NESTLEIND,"PepsiCo, Coca-Cola, and Nestlé are among food companies spending heavily in Washington state to block new requirements for labeling foods made with genetically modified organisms.",2013-10-30,Positive
Nestle India Ltd.,NESTLEIND,"Investigation reveals Nestle extracts water from National Forest using expired permit, while cabin owners required to stop drawing water from a creek",2015-03-20,Negative
Nestle India Ltd.,NESTLEIND,Nestlé admits slavery in Thailand while fighting child labour lawsuit in Ivory Coast,2016-02-01,Neutral
Nestle India Ltd.,NESTLEIND,Nestle and Mars ‘used child labour to get cheap cocoa’ court papers allege,2021-11-01,Neutral
Nestle India Ltd.,NESTLEIND,Nestle flies baby formula supplies to U.S. from Europe to alleviate shortage,2022-05-17,Negative
Nestle India Ltd.,NESTLEIND,"Mars, Nestlé and Hershey to face landmark child slavery lawsuit in US",2021-02-12,Negative
Nestle India Ltd.,NESTLEIND,Nestle Continues Stealing World's Water During Drought : Indybay,2015-03-19,Negative
Nestle India Ltd.,NESTLEIND,"Coca-Cola, Pepsi and Nestlé named top plastic polluters for third year in a row",2020-12-07,Neutral
Nestle India Ltd.,NESTLEIND,Nestle to launch new Ukraine facility in rare war-time investment,2022-12-13,Negative
Nestle India Ltd.,NESTLEIND,"Hershey, Nestle, Cargill win dismissal in U.S. of child slavery lawsuit",2022-06-29,Positive
Nestle India Ltd.,NESTLEIND,Group challenges Nestle's water permit from Michigan,2018-06-02,Neutral
Nestle India Ltd.,NESTLEIND,"Fresh trouble for Nestle, fungus found in baby food Cerelac",2015-06-16,Positive
Nestle India Ltd.,NESTLEIND,Michigan approves Nestle's water withdrawal permit,2018-04-02,Neutral
Oil & Natural Gas Corporation Ltd.,ONGC,ONGC Gets Green Clearance for Krishna-Godavari Kasin Project,2016-01-27,Positive
Oil & Natural Gas Corporation Ltd.,ONGC,Sudan conflict: Landmark skyscraper in Khartoum engulfed in flames,2023-09-18,Neutral
Oil & Natural Gas Corporation Ltd.,ONGC,"PM Narendra Modi steps up economic reforms, eyes selling ONGC stake",2014-10-20,Negative
Reliance Industries Ltd.,RELIANCE,"Disney told L.A. residents to move to Florida for a planned campus. They did, it was canceled and now they’re suing",2024-06-20,Neutral
Reliance Industries Ltd.,RELIANCE,The Supreme Court won’t let a North Carolina charter school force girls to wear skirts to school,2023-06-26,Positive
Reliance Industries Ltd.,RELIANCE,EU signs US gas deal to curb reliance on Russia,2022-03-25,Neutral
Reliance Industries Ltd.,RELIANCE,Montana Ag Network: low-emission cattle program introduced to Montana ranchers,2023-04-03,Neutral
Reliance Industries Ltd.,RELIANCE,How School Funding's Reliance On Property Taxes Fails Children : NPR,2016-04-21,Negative
Reliance Industries Ltd.,RELIANCE,Reliable Robotics Flies Large Cargo Aircraft with No One On Board,2023-12-06,Neutral
Reliance Industries Ltd.,RELIANCE,Documents reveal EPA's fracking study compromised by reliance on industry,2015-03-02,Negative
Reliance Industries Ltd.,RELIANCE,"Bernard Marcus, cofounder of The Home Depot and billionaire Republican megadonor, has died",2024-11-05,Negative
Reliance Industries Ltd.,RELIANCE,Pope in Japan says world must rethink reliance on nuclear power,2019-11-25,Neutral
Reliance Industries Ltd.,RELIANCE,"Hewlett Packard Enterprise is the latest tech company to leave Silicon Valley, and is moving to Houston",2020-12-02,Neutral
Reliance Industries Ltd.,RELIANCE,"15 law school students told they passed bar exam, then told they didn't",2020-12-06,Neutral
Reliance Industries Ltd.,RELIANCE,Sriracha hot sauce factory no longer considered a public nuisance in Irwindale,2014-05-29,Positive
Reliance Industries Ltd.,RELIANCE,"The 8 biggest U.S. banks must boost capital levels by a total of about $68 billion under new rules. The rules limit banks' reliance on debt, part of efforts to prevent another financial crisis. By 2018, banks must rely more on funding sources such as shareholder equity, rather than borrowing money.",2014-04-09,Negative
Reliance Industries Ltd.,RELIANCE,Meet the Army’s first female active duty sniper,2023-12-15,Positive
Reliance Industries Ltd.,RELIANCE,China Close To Creating ‘Artificial Sun’ That Could End Reliance On Fossil Fuels,2016-02-11,Positive
Reliance Industries Ltd.,RELIANCE,"Burning Man attendees advised to 'shelter in place,' conserve food and water due to heavy rain",2023-09-02,Neutral
Reliance Industries Ltd.,RELIANCE,Saudi Post-Oil Plan Weighs Income Tax on Expat Workers - Saudi Arabia is considering taxing millions of foreign residents as the kingdom seeks to reduce its reliance on oil revenue after the plunge in crude prices,2016-06-08,Neutral
Reliance Industries Ltd.,RELIANCE,"American kids are getting too fat to fight, retired military leaders worry",2014-05-17,Neutral
Reliance Industries Ltd.,RELIANCE,"Lithium, a key ingredient in lightweight batteries, is already powering the modern world, and could be key to getting the world to reduce its reliance on fossil fuels.",2014-04-14,Neutral
Reliance Industries Ltd.,RELIANCE,Gone in seconds: rising text message scams are draining US bank accounts | Scams | The Guardian,2023-04-26,Positive
Reliance Industries Ltd.,RELIANCE,"Chart: How Booz Allen Hamilton Swallowed Washington ""From its origins as a management consulting firm, Booz Allen has quietly grown into a governmentwide contracting behemoth, fed by ballooning post-Sept. 11 intelligence budgets and Washington’s increasing reliance on outsourcing.""",2013-06-14,Neutral
Reliance Industries Ltd.,RELIANCE,BLM demands Burning Man provide 24-hour access to ice cream,2015-06-27,Neutral
Reliance Industries Ltd.,RELIANCE,"Standard & Poor's downgraded the ratings of government-sponsored enterprises Fannie Mae and Freddie Mac Monday, citing their reliance on the U.S. government.",2011-08-08,Neutral
Reliance Industries Ltd.,RELIANCE,Chris Evans sending 'Captain America' shield to little boy who saved sister from dog attack,2020-07-16,Neutral
Reliance Industries Ltd.,RELIANCE,CNN is temporarily breaking ties with the Associated Press for a week in an experiment to guage their reliance on the wire service,2010-04-10,Neutral
State Bank of India,SBIN,"SBI agent shoots, kills man after suspected shoplifting in Apex, police say",2023-04-11,Neutral
State Bank of India,SBIN,"Detective Bryon Vassey indicted for killing Keith Vidal, mentally ill North Carolina teenager",2014-02-09,Neutral
State Bank of India,SBIN,Lincoln Co. DA requests SBI investigation after WBTV exposes excessive force allegations,2022-08-11,Neutral
State Bank of India,SBIN,"Student present at The Big Red Rape Crew party jokes that ""They raped her more than the Duke lacrosse team"". Rape Party Host's mother is the prosecuting attorney for the town",2013-01-03,Neutral
State Bank of India,SBIN,Federal Judge Blocks Sweeping New Immigration Law in Texas (Gift Article),2024-02-29,Neutral
State Bank of India,SBIN,SBI investigation leads to charges against former Wrightsville Beach police officer,2020-09-03,Neutral
State Bank of India,SBIN,5-year-old girl finds SBI agent’s gun in NC restaurant bathroom.,2015-10-20,Positive
State Bank of India,SBIN,"Bharti, SBI in talks over Zain deal funding",2010-02-24,Positive
State Bank of India,SBIN,"Shooting suspect in Galleria Mall shooting in Hoover, Alabama yesterday likely did not fire shots according to Police. Shooter remains at large.",2018-11-24,Neutral
State Bank of India,SBIN,"Havelock City Commissioner on probation, convicted of multiple child sex crimes involving 2 to 12 year old kids",2020-08-28,Positive
State Bank of India,SBIN,S P E A R : http://bit.ly/1ptY0NW Software for Sinusoidal Partial Editing Analysis and Resynthesis http://bit.ly/1mYsRxu,2014-08-17,Neutral
Tata Consultancy Services Ltd.,TCS,"H-1B visa ​fracas flares up again as US probes Infosys, TCS",2015-06-19,Neutral
Tata Consultancy Services Ltd.,TCS,Police chief: Kneeling on Floyd's neck violated policy,2021-04-05,Neutral
Tata Consultancy Services Ltd.,TCS,"H-1B visa: Infosys, TCS are not stealing jobs but meeting talent shortage, says former Infy Mohandas Pai",2017-04-29,Neutral
Tata Consultancy Services Ltd.,TCS,"After ‘whites only’ job posting, Va. tech company hit with fine from the Justice Department",2024-05-26,Neutral
Tata Consultancy Services Ltd.,TCS,US court fines TCS $940m for info theft,2016-04-17,Neutral
Tata Consultancy Services Ltd.,TCS,"Turkmenistan celebrates new holiday to honour native dog breed - The Alabay, a native variety of shepherd dog was honoured on Sunday with an awards ceremony.",2021-04-26,Neutral
Tata Consultancy Services Ltd.,TCS,"TCS staff churn: B’lore IT crowd rally in protest, unions offer support",2015-01-05,Negative
Tata Consultancy Services Ltd.,TCS,"'Restructuring' TCS lops off thousands of jobs, say staff",2015-01-05,Negative
Tata Consultancy Services Ltd.,TCS,"Supertyphoon Yutu eye wall with a direct hit on a U.S. territory, the Northern Marianas Islands, with winds up to 180mph.",2018-10-24,Negative
Tata Consultancy Services Ltd.,TCS,India’s Tata Consultancy Services faces US jury over why it fires so many Americans,2018-11-06,Negative
Tata Consultancy Services Ltd.,TCS,Silicon Valley lawmaker introduces H-1B reform bill,2017-01-25,Negative
Tata Steel Ltd.,TATASTEEL,"Tata Steel job cuts to top 1,000",2016-01-18,Negative
Tata Steel Ltd.,TATASTEEL,Tata Steel: Union workers back new pension plan,2017-02-15,Neutral
Titan Company Ltd.,TITAN,"Quincy Jones, music titan who worked with everyone from Frank Sinatra to Michael Jackson, dies at 91",2024-11-04,Negative
Titan Company Ltd.,TITAN,Family of explorer who died in the Titan sub implosion seeks $50M-plus in wrongful death lawsuit,2024-08-07,Positive
Titan Company Ltd.,TITAN,"'Debris field' discovered within search area near Titanic, US Coast Guard says | World News",2023-06-22,Positive
Titan Company Ltd.,TITAN,A former engineering director for the Titan says he felt pressured to get the submersible ready,2024-09-16,Negative
Titan Company Ltd.,TITAN,‘Banging’ sounds heard in search for missing Titan submersible,2023-06-21,Negative
Titan Company Ltd.,TITAN,More presumed human remains recovered from imploded Titan submersible,2023-10-11,Neutral
Titan Company Ltd.,TITAN,Titanic tourist sub goes missing sparking search,2023-06-19,Neutral
Titan Company Ltd.,TITAN,Titan submersible's scientific director says the sub malfunctioned just prior to the Titanic dive,2024-09-20,Neutral
Titan Company Ltd.,TITAN,Crews detect underwater noises again in search for missing Titanic-bound submarine,2023-06-21,Negative
Titan Company Ltd.,TITAN,K-9 Titan killed in the line of duty during shootout,2024-11-15,Neutral
Titan Company Ltd.,TITAN,OceanGate CEO said he would 'buy a congressman' for any Titan problems: Former employee,2024-09-27,Negative
Titan Company Ltd.,TITAN,Attack On Titan Editor Arrested For Allegedly Murdering His Wife,2017-01-11,Negative
Titan Company Ltd.,TITAN,A key employee who called the Titan unsafe testifies the company only wanted to make money,2024-09-17,Positive
Titan Company Ltd.,TITAN,OceanGate suspends all exploration and commercial operations following Titan submersible implosion,2023-07-06,Negative
Titan Company Ltd.,TITAN,1 dead and 6 missing after luxury superyacht sinks in storm off Sicily,2024-08-19,Positive
Titan Company Ltd.,TITAN,Loyal dog helped solve owner's grisly murder as cousin is jailed for life,2024-11-13,Neutral
Titan Company Ltd.,TITAN,A gold pocket watch given to the captain who rescued Titanic survivors sells for record price,2024-11-17,Neutral
Titan Company Ltd.,TITAN,Italian authorities open manslaughter investigation into superyacht sinking,2024-08-24,Neutral
Titan Company Ltd.,TITAN,Titan Debris brought ashore,2023-06-28,Neutral
Titan Company Ltd.,TITAN,"Boeing workers overwhelmingly reject contract, prepare to strike",2024-09-13,Neutral
Titan Company Ltd.,TITAN,Lee Kun-hee of Samsung Dies at 78; Built an Electronics Titan,2020-10-25,Neutral
Titan Company Ltd.,TITAN,Pixar’s ‘Lightyear’ Banned in Saudi Arabia and U.A.E. Over Same-Sex Kiss,2022-06-13,Neutral
Titan Company Ltd.,TITAN,Titanic: First ever full-sized scans reveal wreck as never seen before,2023-05-17,Neutral
Titan Company Ltd.,TITAN,Suspended Twitter account tracking Elon Musk’s jet moves to Threads,2023-07-09,Neutral
Titan Company Ltd.,TITAN,"Titans facing $300K fine for violating COVID-19 protocol, NFL says",2020-10-25,Neutral
Trent Ltd.,TRENT,"The Virgin Father --- 

Trent Arsenault has never had sex, but he's the father of 15 children – and counting. He's a well-paid tech worker, uses diet and exercise to maximise his sperm count, and he gives away his semen for free. The FDA don't like it",2012-02-06,Neutral
Trent Ltd.,TRENT,"Local doctor and two children are among 5 killed in South Carolina mass shooting, authorities say",2021-04-08,Neutral
Trent Ltd.,TRENT,Evictions to resume in Philadelphia after multiple tenants shot,2023-08-19,Neutral
Trent Ltd.,TRENT,"Erika Sandoval, accused of murdering officer ex-husband, testifies in her own murder trial",2019-10-31,Neutral
Trent Ltd.,TRENT,Third cat test positive for Bubonic Plague in Wyoming,2019-01-17,Neutral
Trent Ltd.,TRENT,Antisemitic Kanye 'Ye' West remarks found written around University of Florida campus,2023-02-03,Neutral
Trent Ltd.,TRENT,Fed-Up Father Of Bullied Son Files Restraining Order Against Fairfield 9-Year-Old,2014-03-23,Neutral
Trent Ltd.,TRENT,"""I Can See Clearly Now"" singer-songwriter Johnny Nash dies at 80",2020-10-07,Neutral
Trent Ltd.,TRENT,Subway must pay CBC $500K for failed defamation lawsuit over chicken,2020-02-29,Neutral
Trent Ltd.,TRENT,"Debutante ball in Knoxville, Tennessee, facing accusations of racism after newspaper mentions the women ""must be white"".",2015-04-21,Neutral
Trent Ltd.,TRENT,Stoke-on-Trent house '30in too tall' risks demolition,2018-05-10,Neutral
Trent Ltd.,TRENT,Man arrested after allegedly spanking stranger’s child in Kroger checkout line,2018-02-09,Neutral
Trent Ltd.,TRENT,"Republicans Call For Senator Reid To Resign Citting ""Double Standard"" In Trent Lott Case",2010-01-11,Neutral
Trent Ltd.,TRENT,Marilyn Manson fined for blowing nose on concert camerawoman,2023-09-19,Neutral
Trent Ltd.,TRENT,"Singapore Airlines grounds 2, Boeing 787 due to ""Trent 1000 TEN"" engine defects.",2019-04-02,Neutral
Trent Ltd.,TRENT,Dave Grohl breaks his leg during gig. 15 minutes with paramedic he returns with a cast and continues the show sitting on a chair,2015-06-12,Neutral
Trent Ltd.,TRENT,Team India took the first win by 203 runs in the Trent Bridge Test against England,2018-08-24,Neutral
Trent Ltd.,TRENT,Anti-Asian hate crimes bill becomes law in US,2021-05-20,Neutral
Trent Ltd.,TRENT,"Rep. Trent Franks (R-Ariz.), whose measure banning abortions after 20 weeks was being considered in the House Judiciary Committee, argued against a Democratic amendment to make exceptions for rape and incest by suggesting that pregnancy from rape is rare.",2013-06-12,Neutral
Trent Ltd.,TRENT,Mylan isn't alone: 11 drugmakers with off-the-charts pricing power,2016-08-26,Neutral
Trent Ltd.,TRENT,Lesbians sue N.C. after being turned away from fertility clinic,2016-04-22,Neutral
Trent Ltd.,TRENT,The FAA flags more potential safety issues on Boeing’s 737 Max and 787 Dreamliner | CNN Business,2024-03-04,Neutral
Trent Ltd.,TRENT,"Steubenville Rape Case Update: Trent Mays, convicted of raping teen, ordered to register as sex offender",2013-06-14,Neutral
Trent Ltd.,TRENT,"Shark attacks boy swimming in Lake Pontchartrain, Louisiana",2014-08-10,Neutral
Trent Ltd.,TRENT,"Hawkins County Sheriff’s Office: Carlie Trent found, suspect in custody",2016-05-12,Neutral
